model,N,rougeL_mean,tok_per_sec_avg
new,307,0.2917172638436482,98.24951140065146
old,308,0.2815922077922078,58.833441558441564
